{

  "SAPS":{
    "00": "STP",
    "e0": "IPX",
    "f0": "NETBIOS"
  },

  "PIDS": {
    "2000": "CDP",
    "2004": "DTP",
    "010b": "PVSTP+",
    "809b": "Appletalk"
  },

  "ETHER_TYPES": {
    "0800": "IPv4",
    "0806": "ARP",
    "86dd": "IPv6",
    "9000": "ECTP",
    "88cc": "LLDP"
  },

   "IPV4_PROTOCOL": {
     "01": "ICMP",
     "02": "IGMP",
     "06": "TCP",
     "11": "UDP",
     "67": "PIM"
  },

  "TCP_UDP_PORTS": {
    "20": "FTP-DATA",
    "21": "FTP-CONTROL",
    "22": "SSH",
    "23": "TELNET",
    "25": "SMTP",
    "37": "TIME",
    "53": "DNS",
    "67": "DHCP",
    "68": "DHCP",
    "69": "TFTP",
    "80": "HTTP",
    "110": "POP3",
    "119": "NNTP",
    "137": "NETBIOS-NS",
    "138": "NETBIOS-DGM",
    "139": "NETBIOS-SSN",
    "143": "IMAP",
    "161": "SNMP",
    "162": "SNMP-TRAP",
    "179": "BGP",
    "389": "LDAP",
    "443": "HTTPS",
    "514": "SYSLOG",
    "520": "RIP",
    "1900": "SSDP",
    "5353": "MDNS",
    "17500": "DB-LSP-DISC",
    "33434": "TRACEROUTE"
  },

  "TCP_FLAGS": {
    "5004": "RST",
    "5010": "ACK",
    "5011": "FIN ACK",
    "5014": "RST ACK",
    "5018": "PSH ACK",
    "5019": "FIN PSH ACK",
    "7002": "SYN",
    "7012": "SYN ACK"
  },

  "ARP_OPCODE": {
    "01": "REQUEST",
    "02": "REPLY"
  }
}